event_id,subscription_id,failure_timestamp,day_of_month,days_to_nearest_payday_window,error_reason,amount,prior_if_failure_count,prior_if_self_resolved_rate,tenure_days,bank_network_conditions,issuing_bank_downtime_flag,network_latency_bucket,is_month_end_settlement_rush,app_version,device_build,ui_theme
evt_SYN000000,sub_SYN00000,2026-01-03 19:54:00,3,0,insufficient_fund,754.0,0,,369,good,False,medium,False,5.1.2,build_A1,dark
evt_SYN000001,sub_SYN00000,2026-02-01 06:04:00,1,0,insufficient_fund,754.0,1,0.0,398,good,True,low,False,4.2.0,build_A1,dark
evt_SYN000002,sub_SYN00000,2026-03-02 15:27:00,2,0,insufficient_fund,754.0,2,0.5,427,good,False,medium,True,5.1.2,build_B7,system
evt_SYN000003,sub_SYN00000,2026-03-28 07:22:00,28,1,insufficient_fund,754.0,3,0.3333333333333333,453,good,False,medium,False,5.0.0,build_A1,dark
evt_SYN000004,sub_SYN00001,2025-12-11 16:59:00,11,8,insufficient_fund,4304.0,0,,51,good,False,low,False,4.2.0,build_E2,system
evt_SYN000005,sub_SYN00002,2026-06-05 00:33:00,5,2,insufficient_fund,323.0,0,,628,good,False,medium,True,4.4.0,build_A1,system
evt_SYN000006,sub_SYN00002,2026-06-29 14:15:00,29,0,insufficient_fund,323.0,1,0.0,652,degraded,False,low,True,5.0.0,build_A1,dark
evt_SYN000007,sub_SYN00002,2026-08-02 20:03:00,2,0,insufficient_fund,323.0,2,0.0,686,good,False,medium,False,5.0.0,build_A1,system
evt_SYN000008,sub_SYN00003,2025-07-13 00:12:00,13,10,insufficient_fund,96.0,0,,93,good,False,low,False,4.2.0,build_A1,dark
evt_SYN000009,sub_SYN00003,2025-08-16 20:25:00,16,13,insufficient_fund,96.0,1,0.0,127,degraded,False,low,False,4.3.1,build_A1,light
evt_SYN000010,sub_SYN00004,2026-03-28 23:26:00,28,1,insufficient_fund,107.0,0,,24,good,False,high,False,4.2.0,build_E2,system
evt_SYN000011,sub_SYN00005,2026-04-07 11:31:00,7,4,insufficient_fund,172.0,0,,46,poor,False,low,False,4.4.0,build_C3,light
evt_SYN000012,sub_SYN00006,2026-03-13 20:01:00,13,10,insufficient_fund,160.0,0,,406,good,False,low,False,4.4.0,build_B7,system
evt_SYN000013,sub_SYN00006,2026-04-04 06:27:00,4,1,insufficient_fund,160.0,1,0.0,428,good,False,medium,False,4.3.1,build_B7,system
evt_SYN000014,sub_SYN00007,2026-03-26 18:33:00,26,3,insufficient_fund,311.0,0,,55,degraded,False,medium,False,4.2.0,build_C3,light
evt_SYN000015,sub_SYN00007,2026-04-19 16:06:00,19,9,insufficient_fund,311.0,1,0.0,79,good,True,low,False,5.1.2,build_E2,dark
evt_SYN000016,sub_SYN00008,2025-09-15 11:12:00,15,12,insufficient_fund,175.0,0,,97,good,False,low,False,4.4.0,build_E2,dark
evt_SYN000017,sub_SYN00009,2025-01-01 23:04:00,1,0,insufficient_fund,323.0,0,,179,degraded,False,low,False,5.1.2,build_C3,dark
evt_SYN000018,sub_SYN00010,2026-06-11 13:38:00,11,8,insufficient_fund,352.0,0,,13,good,False,low,False,5.1.2,build_A1,light
evt_SYN000019,sub_SYN00011,2026-05-31 00:56:00,31,0,insufficient_fund,484.0,0,,11,good,False,low,False,4.4.0,build_A1,dark
evt_SYN000020,sub_SYN00012,2026-05-24 12:55:00,24,5,insufficient_fund,145.0,0,,688,good,False,low,False,4.3.1,build_C3,system
evt_SYN000021,sub_SYN00012,2026-07-07 21:38:00,7,4,insufficient_fund,145.0,1,0.0,732,good,False,low,False,4.3.1,build_E2,dark
evt_SYN000022,sub_SYN00013,2026-06-03 18:50:00,3,0,insufficient_fund,851.0,0,,412,good,False,medium,False,5.0.0,build_C3,light
evt_SYN000023,sub_SYN00013,2026-06-20 21:30:00,20,8,insufficient_fund,851.0,1,0.0,429,poor,False,medium,False,4.3.1,build_C3,system
evt_SYN000024,sub_SYN00013,2026-08-02 15:07:00,2,0,insufficient_fund,851.0,2,0.0,472,degraded,False,low,False,4.3.1,build_E2,dark
evt_SYN000025,sub_SYN00013,2026-08-26 16:16:00,26,3,insufficient_fund,851.0,3,0.0,496,good,False,low,False,4.3.1,build_D9,dark
evt_SYN000026,sub_SYN00014,2026-04-14 03:51:00,14,11,insufficient_fund,785.0,0,,41,poor,False,low,False,4.3.1,build_E2,system
evt_SYN000027,sub_SYN00015,2025-05-10 21:15:00,10,7,insufficient_fund,850.0,0,,242,good,False,medium,False,4.4.0,build_D9,system
evt_SYN000028,sub_SYN00016,2026-03-18 09:19:00,18,11,insufficient_fund,90.0,0,,542,good,False,low,False,5.0.0,build_A1,system
evt_SYN000029,sub_SYN00016,2026-04-13 14:29:00,13,10,insufficient_fund,90.0,1,0.0,568,good,False,low,False,4.2.0,build_C3,dark
evt_SYN000030,sub_SYN00016,2026-05-15 11:35:00,15,12,insufficient_fund,90.0,2,0.0,600,good,False,low,False,5.1.2,build_E2,system
evt_SYN000031,sub_SYN00017,2025-11-23 15:11:00,23,5,insufficient_fund,129.0,0,,186,good,False,medium,False,5.1.2,build_E2,system
evt_SYN000032,sub_SYN00018,2025-11-24 05:35:00,24,4,insufficient_fund,1661.0,0,,247,good,False,medium,False,5.0.0,build_B7,system
evt_SYN000033,sub_SYN00018,2025-12-14 07:31:00,14,11,insufficient_fund,1661.0,1,0.0,267,degraded,False,medium,False,5.0.0,build_B7,system
evt_SYN000034,sub_SYN00018,2026-01-17 11:08:00,17,12,insufficient_fund,1661.0,2,0.0,301,good,False,medium,False,4.2.0,build_B7,dark
evt_SYN000035,sub_SYN00019,2026-04-25 05:54:00,25,3,insufficient_fund,335.0,0,,155,good,False,low,False,5.0.0,build_D9,light
evt_SYN000036,sub_SYN00019,2026-05-23 00:52:00,23,6,insufficient_fund,335.0,1,1.0,183,poor,False,medium,False,4.4.0,build_D9,dark
evt_SYN000037,sub_SYN00020,2026-05-27 18:33:00,27,2,insufficient_fund,166.0,0,,31,degraded,False,low,False,4.2.0,build_E2,system
evt_SYN000038,sub_SYN00020,2026-06-17 23:07:00,17,11,insufficient_fund,166.0,1,0.0,52,good,False,high,False,4.4.0,build_E2,dark
evt_SYN000039,sub_SYN00020,2026-07-27 00:40:00,27,2,insufficient_fund,166.0,2,0.0,92,good,False,medium,False,5.1.2,build_E2,system
evt_SYN000040,sub_SYN00021,2025-06-18 23:16:00,18,10,insufficient_fund,388.0,0,,69,poor,False,low,False,5.0.0,build_B7,system
evt_SYN000041,sub_SYN00022,2026-05-03 13:34:00,3,0,insufficient_fund,325.0,0,,178,poor,True,low,False,5.0.0,build_E2,system
evt_SYN000042,sub_SYN00023,2025-04-14 05:11:00,14,11,insufficient_fund,2374.0,0,,52,good,False,low,False,4.4.0,build_D9,system
evt_SYN000043,sub_SYN00023,2025-05-08 16:14:00,8,5,insufficient_fund,2374.0,1,0.0,76,good,False,medium,False,5.1.2,build_C3,dark
evt_SYN000044,sub_SYN00023,2025-06-03 05:17:00,3,0,insufficient_fund,2374.0,2,0.0,102,degraded,False,medium,False,5.0.0,build_B7,light
evt_SYN000045,sub_SYN00024,2025-04-02 22:13:00,2,0,insufficient_fund,197.0,0,,161,degraded,False,low,True,5.0.0,build_D9,dark
evt_SYN000046,sub_SYN00024,2025-05-12 18:14:00,12,9,insufficient_fund,197.0,1,0.0,201,good,False,medium,False,5.1.2,build_A1,dark
evt_SYN000047,sub_SYN00024,2025-06-07 01:52:00,7,4,insufficient_fund,197.0,2,0.5,227,good,False,medium,False,5.0.0,build_B7,dark
evt_SYN000048,sub_SYN00025,2026-05-31 12:34:00,31,0,insufficient_fund,1759.0,0,,12,good,False,high,True,5.0.0,build_D9,light
evt_SYN000049,sub_SYN00026,2026-02-03 03:59:00,3,0,insufficient_fund,85.0,0,,299,good,False,low,False,4.3.1,build_A1,dark
evt_SYN000050,sub_SYN00026,2026-05-16 09:14:00,16,13,insufficient_fund,85.0,1,0.0,401,good,False,medium,False,5.0.0,build_E2,light
evt_SYN000051,sub_SYN00027,2026-05-20 20:45:00,20,9,insufficient_fund,330.0,0,,150,good,False,low,False,4.2.0,build_C3,light
evt_SYN000052,sub_SYN00028,2026-02-16 05:47:00,16,10,insufficient_fund,469.0,0,,507,good,False,medium,False,4.3.1,build_B7,system
evt_SYN000053,sub_SYN00029,2026-05-21 19:03:00,21,8,insufficient_fund,180.0,0,,167,good,False,high,False,4.3.1,build_D9,system
evt_SYN000054,sub_SYN00029,2026-06-17 01:59:00,17,11,insufficient_fund,180.0,1,0.0,194,good,False,medium,False,4.2.0,build_D9,light
evt_SYN000055,sub_SYN00029,2026-07-21 15:10:00,21,8,insufficient_fund,180.0,2,0.0,228,good,False,low,False,4.4.0,build_D9,light
evt_SYN000056,sub_SYN00030,2025-07-08 07:45:00,8,5,insufficient_fund,153.0,0,,100,good,False,low,False,4.3.1,build_B7,light
evt_SYN000057,sub_SYN00030,2025-08-01 14:40:00,1,0,insufficient_fund,153.0,1,0.0,124,good,False,low,False,4.4.0,build_A1,system
evt_SYN000058,sub_SYN00030,2025-08-31 05:57:00,31,0,insufficient_fund,153.0,2,0.5,154,good,False,high,False,4.4.0,build_E2,dark
evt_SYN000059,sub_SYN00031,2025-12-09 22:20:00,9,6,insufficient_fund,336.0,0,,214,good,False,low,False,4.4.0,build_C3,light
evt_SYN000060,sub_SYN00032,2025-11-07 13:58:00,7,4,insufficient_fund,3101.0,0,,72,poor,False,medium,False,4.2.0,build_B7,dark
evt_SYN000061,sub_SYN00033,2025-06-22 21:56:00,22,6,insufficient_fund,450.0,0,,131,degraded,False,high,False,4.4.0,build_D9,light
evt_SYN000062,sub_SYN00034,2026-01-27 20:24:00,27,2,insufficient_fund,3131.0,0,,384,good,False,medium,False,5.1.2,build_E2,dark
evt_SYN000063,sub_SYN00035,2026-01-01 19:57:00,1,0,insufficient_fund,916.0,0,,246,good,False,low,False,4.3.1,build_C3,dark
evt_SYN000064,sub_SYN00035,2026-03-29 12:51:00,29,0,insufficient_fund,916.0,1,0.0,333,good,False,medium,False,4.2.0,build_A1,system
evt_SYN000065,sub_SYN00036,2025-06-16 19:01:00,16,12,insufficient_fund,352.0,0,,181,degraded,False,medium,False,5.0.0,build_C3,dark
evt_SYN000066,sub_SYN00037,2024-09-10 21:12:00,10,7,insufficient_fund,900.0,0,,60,good,False,low,False,5.1.2,build_C3,dark
evt_SYN000067,sub_SYN00038,2025-11-20 08:01:00,20,8,insufficient_fund,97.0,0,,101,good,False,medium,False,4.4.0,build_E2,light
evt_SYN000068,sub_SYN00039,2026-03-06 13:27:00,6,3,insufficient_fund,190.0,0,,274,good,False,medium,False,4.4.0,build_B7,dark
evt_SYN000069,sub_SYN00040,2026-06-19 12:00:00,19,9,insufficient_fund,979.0,0,,27,degraded,False,high,False,4.2.0,build_C3,system
evt_SYN000070,sub_SYN00041,2025-07-25 12:09:00,25,4,insufficient_fund,661.0,0,,247,degraded,False,medium,False,4.4.0,build_C3,system
evt_SYN000071,sub_SYN00041,2025-08-30 12:01:00,30,0,insufficient_fund,661.0,1,0.0,283,good,False,low,False,4.3.1,build_C3,system
evt_SYN000072,sub_SYN00041,2025-09-22 04:51:00,22,6,insufficient_fund,661.0,2,0.0,306,good,False,high,False,4.2.0,build_D9,dark
evt_SYN000073,sub_SYN00042,2026-06-16 18:45:00,16,12,insufficient_fund,122.0,0,,380,good,False,medium,False,4.3.1,build_E2,light
evt_SYN000074,sub_SYN00042,2026-07-13 10:21:00,13,10,insufficient_fund,122.0,1,0.0,407,good,False,low,False,5.1.2,build_A1,light
evt_SYN000075,sub_SYN00043,2026-01-02 00:41:00,2,0,insufficient_fund,385.0,0,,136,good,False,low,True,5.0.0,build_C3,light
evt_SYN000076,sub_SYN00044,2026-04-17 00:37:00,17,11,insufficient_fund,487.0,0,,21,good,False,low,False,4.4.0,build_E2,system
evt_SYN000077,sub_SYN00044,2026-05-23 21:17:00,23,6,insufficient_fund,487.0,1,0.0,57,degraded,False,high,False,5.0.0,build_A1,dark
evt_SYN000078,sub_SYN00044,2026-06-18 10:06:00,18,10,insufficient_fund,487.0,2,0.5,83,good,False,high,False,5.1.2,build_A1,light
evt_SYN000079,sub_SYN00045,2025-09-07 10:00:00,7,4,insufficient_fund,920.0,0,,356,good,False,low,False,5.1.2,build_D9,system
evt_SYN000080,sub_SYN00045,2025-10-17 20:23:00,17,12,insufficient_fund,920.0,1,0.0,396,good,False,low,False,4.2.0,build_A1,dark
evt_SYN000081,sub_SYN00046,2025-12-28 12:40:00,28,1,insufficient_fund,431.0,0,,122,good,False,low,False,4.4.0,build_C3,dark
evt_SYN000082,sub_SYN00047,2025-08-13 13:29:00,13,10,insufficient_fund,331.0,0,,186,good,False,medium,False,4.3.1,build_E2,system
evt_SYN000083,sub_SYN00048,2026-06-13 16:59:00,13,10,insufficient_fund,393.0,0,,117,good,False,low,False,5.0.0,build_A1,dark
evt_SYN000084,sub_SYN00048,2026-07-12 14:15:00,12,9,insufficient_fund,393.0,1,0.0,146,good,False,low,True,4.2.0,build_B7,light
evt_SYN000085,sub_SYN00049,2025-09-23 00:13:00,23,5,insufficient_fund,371.0,0,,423,degraded,False,high,False,4.3.1,build_D9,dark
evt_SYN000086,sub_SYN00050,2026-02-22 18:42:00,22,4,insufficient_fund,352.0,0,,26,good,False,low,False,5.1.2,build_C3,system
evt_SYN000087,sub_SYN00051,2026-04-09 20:20:00,9,6,insufficient_fund,888.0,0,,87,good,False,low,False,4.2.0,build_C3,light
evt_SYN000088,sub_SYN00052,2026-01-23 07:44:00,23,6,insufficient_fund,483.0,0,,473,good,False,low,False,4.4.0,build_D9,dark
evt_SYN000089,sub_SYN00052,2026-03-03 23:15:00,3,0,insufficient_fund,483.0,1,0.0,512,poor,False,high,False,4.2.0,build_A1,system
evt_SYN000090,sub_SYN00052,2026-04-03 12:18:00,3,0,insufficient_fund,483.0,2,0.0,543,poor,False,low,False,4.3.1,build_B7,light
evt_SYN000091,sub_SYN00053,2025-08-06 12:17:00,6,3,insufficient_fund,198.0,0,,340,good,False,high,False,4.3.1,build_B7,light
evt_SYN000092,sub_SYN00054,2026-05-07 23:45:00,7,4,insufficient_fund,108.0,0,,124,degraded,False,high,False,4.4.0,build_E2,light
evt_SYN000093,sub_SYN00055,2025-11-04 08:40:00,4,1,insufficient_fund,769.0,0,,120,good,False,medium,False,4.4.0,build_C3,system
evt_SYN000094,sub_SYN00055,2025-11-17 19:56:00,17,11,insufficient_fund,769.0,1,0.0,133,degraded,False,low,False,5.1.2,build_B7,system
evt_SYN000095,sub_SYN00055,2025-12-04 12:41:00,4,1,insufficient_fund,769.0,2,0.0,150,good,False,low,False,4.3.1,build_E2,system
evt_SYN000096,sub_SYN00056,2025-06-18 12:07:00,18,10,insufficient_fund,957.0,0,,166,degraded,False,low,False,5.1.2,build_C3,system
evt_SYN000097,sub_SYN00056,2025-10-27 01:43:00,27,2,insufficient_fund,957.0,1,0.0,297,degraded,False,medium,False,4.4.0,build_E2,dark
evt_SYN000098,sub_SYN00057,2026-03-31 00:11:00,31,0,insufficient_fund,156.0,0,,553,good,False,low,True,4.4.0,build_E2,system
evt_SYN000099,sub_SYN00057,2026-05-04 18:36:00,4,1,insufficient_fund,156.0,1,0.0,587,good,False,low,True,4.3.1,build_E2,system
evt_SYN000100,sub_SYN00058,2025-11-23 11:52:00,23,5,insufficient_fund,157.0,0,,76,good,False,low,False,4.4.0,build_D9,system
evt_SYN000101,sub_SYN00059,2025-09-24 04:06:00,24,4,insufficient_fund,382.0,0,,112,good,False,low,False,5.0.0,build_A1,dark
evt_SYN000102,sub_SYN00060,2025-03-30 09:18:00,30,0,insufficient_fund,89.0,0,,92,good,False,medium,False,5.1.2,build_E2,dark
evt_SYN000103,sub_SYN00060,2025-04-27 00:43:00,27,1,insufficient_fund,89.0,1,0.0,120,good,False,medium,False,4.3.1,build_A1,system
evt_SYN000104,sub_SYN00061,2025-02-13 00:30:00,13,10,insufficient_fund,878.0,0,,39,poor,False,medium,False,4.3.1,build_C3,light
evt_SYN000105,sub_SYN00062,2026-04-18 06:27:00,18,10,insufficient_fund,143.0,0,,505,good,False,low,False,4.2.0,build_A1,system
evt_SYN000106,sub_SYN00062,2026-05-19 20:34:00,19,10,insufficient_fund,143.0,1,1.0,536,good,False,high,True,4.2.0,build_B7,system
evt_SYN000107,sub_SYN00063,2025-07-27 23:58:00,27,2,insufficient_fund,193.0,0,,90,good,False,low,False,4.3.1,build_B7,system
evt_SYN000108,sub_SYN00063,2025-09-04 04:14:00,4,1,insufficient_fund,193.0,1,0.0,129,good,False,low,False,4.4.0,build_D9,system
evt_SYN000109,sub_SYN00063,2025-10-01 23:20:00,1,0,insufficient_fund,193.0,2,0.0,156,good,False,low,False,4.2.0,build_D9,light
evt_SYN000110,sub_SYN00064,2026-04-10 21:55:00,10,7,insufficient_fund,2777.0,0,,22,good,False,medium,False,5.0.0,build_A1,system
evt_SYN000111,sub_SYN00065,2025-06-08 10:40:00,8,5,insufficient_fund,173.0,0,,275,poor,False,low,False,5.0.0,build_B7,dark
evt_SYN000112,sub_SYN00065,2025-07-06 14:43:00,6,3,insufficient_fund,173.0,1,0.0,303,good,False,medium,False,4.2.0,build_D9,system
evt_SYN000113,sub_SYN00066,2024-12-14 04:13:00,14,11,insufficient_fund,163.0,0,,72,degraded,False,low,False,4.3.1,build_B7,system
evt_SYN000114,sub_SYN00066,2025-01-11 10:15:00,11,8,insufficient_fund,163.0,1,0.0,100,good,False,low,False,4.3.1,build_E2,system
evt_SYN000115,sub_SYN00067,2026-03-19 18:48:00,19,10,insufficient_fund,183.0,0,,485,good,False,high,False,5.1.2,build_A1,light
evt_SYN000116,sub_SYN00068,2026-05-26 11:11:00,26,3,insufficient_fund,139.0,0,,64,good,False,medium,False,4.2.0,build_E2,light
evt_SYN000117,sub_SYN00069,2026-06-01 02:15:00,1,0,insufficient_fund,79.0,0,,144,good,False,low,True,4.2.0,build_E2,dark
evt_SYN000118,sub_SYN00070,2025-08-24 03:57:00,24,5,insufficient_fund,131.0,0,,240,poor,False,medium,False,5.1.2,build_D9,dark
evt_SYN000119,sub_SYN00070,2025-12-14 07:00:00,14,11,insufficient_fund,131.0,1,0.0,352,good,False,low,False,5.1.2,build_B7,light
evt_SYN000120,sub_SYN00071,2026-06-08 14:19:00,8,5,insufficient_fund,134.0,0,,24,good,False,low,False,5.0.0,build_E2,light
evt_SYN000121,sub_SYN00072,2025-02-08 14:40:00,8,5,insufficient_fund,104.0,0,,208,degraded,False,medium,False,4.4.0,build_A1,system
evt_SYN000122,sub_SYN00072,2025-02-19 02:39:00,19,7,insufficient_fund,104.0,1,0.0,219,degraded,False,low,False,4.4.0,build_B7,system
evt_SYN000123,sub_SYN00072,2025-03-03 17:11:00,3,0,insufficient_fund,104.0,2,0.0,231,good,False,low,False,4.3.1,build_C3,light
evt_SYN000124,sub_SYN00073,2026-01-07 20:07:00,7,4,insufficient_fund,497.0,0,,120,good,False,low,False,5.1.2,build_E2,dark
evt_SYN000125,sub_SYN00074,2026-05-26 11:36:00,26,3,insufficient_fund,460.0,0,,498,good,False,low,False,5.1.2,build_E2,dark
evt_SYN000126,sub_SYN00075,2025-08-04 21:54:00,4,1,insufficient_fund,486.0,0,,321,degraded,False,low,False,5.1.2,build_C3,light
evt_SYN000127,sub_SYN00076,2026-01-06 19:53:00,6,3,insufficient_fund,155.0,0,,131,good,False,low,False,5.0.0,build_B7,light
evt_SYN000128,sub_SYN00077,2026-05-10 19:52:00,10,7,insufficient_fund,424.0,0,,202,degraded,False,medium,False,4.2.0,build_E2,light
evt_SYN000129,sub_SYN00078,2025-10-10 12:06:00,10,7,insufficient_fund,771.0,0,,193,good,False,low,False,4.4.0,build_B7,light
evt_SYN000130,sub_SYN00078,2025-11-13 11:44:00,13,10,insufficient_fund,771.0,1,0.0,227,good,False,low,False,4.4.0,build_C3,dark
evt_SYN000131,sub_SYN00079,2026-01-27 19:34:00,27,2,insufficient_fund,849.0,0,,282,good,False,low,False,5.1.2,build_B7,light
evt_SYN000132,sub_SYN00079,2026-03-09 05:59:00,9,6,insufficient_fund,849.0,1,1.0,323,degraded,False,medium,True,5.1.2,build_B7,system
evt_SYN000133,sub_SYN00079,2026-04-01 20:43:00,1,0,insufficient_fund,849.0,2,0.5,346,degraded,False,medium,True,5.1.2,build_B7,light
evt_SYN000134,sub_SYN00080,2025-11-25 05:49:00,25,3,insufficient_fund,125.0,0,,99,degraded,False,low,False,4.2.0,build_C3,light
evt_SYN000135,sub_SYN00081,2025-08-02 17:50:00,2,0,insufficient_fund,80.0,0,,119,good,False,medium,True,5.0.0,build_D9,light
evt_SYN000136,sub_SYN00082,2025-02-11 16:05:00,11,8,insufficient_fund,148.0,0,,180,good,False,low,False,4.4.0,build_E2,dark
evt_SYN000137,sub_SYN00082,2025-03-01 00:43:00,1,0,insufficient_fund,148.0,1,0.0,198,degraded,False,medium,False,5.1.2,build_E2,dark
evt_SYN000138,sub_SYN00082,2025-03-22 16:01:00,22,7,insufficient_fund,148.0,2,0.5,219,poor,False,medium,False,4.2.0,build_E2,system
evt_SYN000139,sub_SYN00083,2025-09-08 01:13:00,8,5,insufficient_fund,140.0,0,,62,good,False,low,False,5.0.0,build_C3,light
evt_SYN000140,sub_SYN00084,2026-02-28 16:42:00,28,0,insufficient_fund,312.0,0,,45,poor,False,medium,False,4.4.0,build_C3,system
evt_SYN000141,sub_SYN00085,2026-02-11 15:51:00,11,8,insufficient_fund,366.0,0,,155,good,False,high,False,4.3.1,build_D9,light
evt_SYN000142,sub_SYN00086,2026-05-24 03:01:00,24,5,insufficient_fund,122.0,0,,268,degraded,False,low,True,4.2.0,build_C3,dark
evt_SYN000143,sub_SYN00087,2026-05-12 01:52:00,12,9,insufficient_fund,453.0,0,,72,poor,False,low,False,5.1.2,build_E2,system
evt_SYN000144,sub_SYN00088,2026-04-01 15:57:00,1,0,insufficient_fund,365.0,0,,54,good,False,low,False,5.0.0,build_B7,dark
evt_SYN000145,sub_SYN00089,2025-03-24 18:43:00,24,5,insufficient_fund,116.0,0,,46,good,False,medium,False,4.3.1,build_C3,system
evt_SYN000146,sub_SYN00090,2026-04-03 12:12:00,3,0,insufficient_fund,665.0,0,,179,good,False,low,False,4.3.1,build_D9,dark
evt_SYN000147,sub_SYN00091,2026-04-29 02:52:00,29,0,insufficient_fund,81.0,0,,636,good,False,low,True,4.3.1,build_A1,light
evt_SYN000148,sub_SYN00092,2026-03-21 22:23:00,21,8,insufficient_fund,3909.0,0,,99,good,False,high,False,4.2.0,build_D9,dark
evt_SYN000149,sub_SYN00093,2026-05-06 22:18:00,6,3,insufficient_fund,102.0,0,,44,poor,False,medium,False,4.2.0,build_C3,light
evt_SYN000150,sub_SYN00094,2025-03-03 10:19:00,3,0,insufficient_fund,814.0,0,,73,good,False,low,False,4.2.0,build_D9,system
evt_SYN000151,sub_SYN00095,2025-06-17 14:28:00,17,11,insufficient_fund,3337.0,0,,268,good,False,low,False,4.3.1,build_D9,system
evt_SYN000152,sub_SYN00095,2025-07-18 03:59:00,18,11,insufficient_fund,3337.0,1,0.0,299,good,False,low,False,5.0.0,build_C3,light
evt_SYN000153,sub_SYN00096,2026-02-02 22:09:00,2,0,insufficient_fund,2375.0,0,,76,degraded,False,high,False,4.2.0,build_B7,system
evt_SYN000154,sub_SYN00097,2026-02-12 02:15:00,12,9,insufficient_fund,816.0,0,,33,good,False,low,False,5.1.2,build_A1,light
evt_SYN000155,sub_SYN00098,2026-04-07 16:42:00,7,4,insufficient_fund,991.0,0,,76,degraded,False,medium,False,5.0.0,build_A1,system
evt_SYN000156,sub_SYN00099,2026-01-23 04:36:00,23,6,insufficient_fund,395.0,0,,237,degraded,False,low,False,5.1.2,build_C3,light
evt_SYN000157,sub_SYN00100,2025-12-24 20:58:00,24,5,insufficient_fund,669.0,0,,169,good,False,low,False,4.3.1,build_D9,light
evt_SYN000158,sub_SYN00101,2025-12-27 07:04:00,27,2,insufficient_fund,134.0,0,,26,degraded,False,medium,False,4.4.0,build_D9,dark
evt_SYN000159,sub_SYN00102,2026-05-21 13:19:00,21,8,insufficient_fund,324.0,0,,21,good,False,medium,False,4.2.0,build_C3,light
evt_SYN000160,sub_SYN00103,2025-10-25 11:47:00,25,4,insufficient_fund,300.0,0,,119,good,False,low,False,4.2.0,build_D9,system
evt_SYN000161,sub_SYN00104,2025-10-03 21:22:00,3,0,insufficient_fund,680.0,0,,431,poor,False,low,False,4.3.1,build_E2,light
evt_SYN000162,sub_SYN00104,2025-10-22 11:12:00,22,7,insufficient_fund,680.0,1,0.0,450,good,False,medium,False,5.1.2,build_E2,dark
evt_SYN000163,sub_SYN00104,2025-11-16 03:14:00,16,12,insufficient_fund,680.0,2,0.0,475,degraded,False,low,False,5.0.0,build_A1,light
evt_SYN000164,sub_SYN00105,2026-02-15 00:54:00,15,11,insufficient_fund,348.0,0,,351,good,False,medium,False,4.3.1,build_B7,light
evt_SYN000165,sub_SYN00105,2026-03-17 02:32:00,17,12,insufficient_fund,348.0,1,0.0,381,good,False,low,False,4.3.1,build_B7,system
evt_SYN000166,sub_SYN00105,2026-04-09 03:27:00,9,6,insufficient_fund,348.0,2,0.0,404,good,False,low,False,4.2.0,build_A1,system
evt_SYN000167,sub_SYN00106,2026-06-04 06:38:00,4,1,insufficient_fund,434.0,0,,350,good,False,medium,False,4.2.0,build_E2,light
evt_SYN000168,sub_SYN00107,2026-04-20 18:40:00,20,8,insufficient_fund,476.0,0,,36,good,False,low,False,5.1.2,build_B7,system
evt_SYN000169,sub_SYN00108,2026-03-10 02:25:00,10,7,insufficient_fund,107.0,0,,94,poor,False,low,False,4.4.0,build_D9,dark
evt_SYN000170,sub_SYN00109,2025-11-29 06:49:00,29,0,insufficient_fund,95.0,0,,23,good,False,medium,False,4.3.1,build_A1,dark
evt_SYN000171,sub_SYN00110,2024-12-22 09:11:00,22,7,insufficient_fund,361.0,0,,10,good,False,low,False,4.4.0,build_B7,system
evt_SYN000172,sub_SYN00111,2026-06-09 01:11:00,9,6,insufficient_fund,359.0,0,,622,good,False,high,False,4.2.0,build_D9,dark
evt_SYN000173,sub_SYN00112,2026-06-11 14:56:00,11,8,insufficient_fund,172.0,0,,642,good,False,low,False,5.1.2,build_A1,system
evt_SYN000174,sub_SYN00113,2025-12-11 11:41:00,11,8,insufficient_fund,320.0,0,,518,good,False,low,False,4.4.0,build_A1,dark
evt_SYN000175,sub_SYN00113,2026-01-06 22:44:00,6,3,insufficient_fund,320.0,1,0.0,544,poor,False,low,False,5.0.0,build_B7,light
evt_SYN000176,sub_SYN00114,2026-03-09 17:15:00,9,6,insufficient_fund,422.0,0,,604,good,False,low,False,4.3.1,build_C3,system
evt_SYN000177,sub_SYN00115,2025-02-28 15:20:00,28,0,insufficient_fund,121.0,0,,210,good,False,low,False,4.4.0,build_C3,light
evt_SYN000178,sub_SYN00115,2025-03-20 05:21:00,20,9,insufficient_fund,121.0,1,0.0,230,good,False,low,False,5.0.0,build_B7,light
evt_SYN000179,sub_SYN00116,2026-04-28 12:33:00,28,0,insufficient_fund,417.0,0,,17,good,False,low,False,4.2.0,build_A1,system
evt_SYN000180,sub_SYN00116,2026-05-25 07:50:00,25,4,insufficient_fund,417.0,1,1.0,44,good,False,medium,False,4.3.1,build_B7,light
evt_SYN000181,sub_SYN00116,2026-07-03 04:29:00,3,0,insufficient_fund,417.0,2,1.0,83,good,False,low,False,4.4.0,build_A1,light
evt_SYN000182,sub_SYN00116,2026-07-16 06:07:00,16,13,insufficient_fund,417.0,3,1.0,96,good,False,low,False,4.4.0,build_B7,dark
evt_SYN000183,sub_SYN00117,2026-04-25 07:26:00,25,3,insufficient_fund,381.0,0,,60,poor,False,low,False,4.3.1,build_B7,light
evt_SYN000184,sub_SYN00117,2026-05-30 10:17:00,30,0,insufficient_fund,381.0,1,1.0,95,good,False,low,True,5.0.0,build_B7,light
evt_SYN000185,sub_SYN00117,2026-06-30 00:05:00,30,0,insufficient_fund,381.0,2,0.5,126,good,False,high,True,5.1.2,build_D9,light
evt_SYN000186,sub_SYN00118,2026-05-30 12:11:00,30,0,insufficient_fund,192.0,0,,212,degraded,False,low,False,4.3.1,build_C3,system
evt_SYN000187,sub_SYN00119,2026-05-10 00:01:00,10,7,insufficient_fund,1889.0,0,,366,good,False,low,False,4.3.1,build_C3,system
evt_SYN000188,sub_SYN00120,2026-05-27 07:35:00,27,2,insufficient_fund,2701.0,0,,63,good,False,low,False,5.0.0,build_C3,light
evt_SYN000189,sub_SYN00120,2026-06-29 12:27:00,29,0,insufficient_fund,2701.0,1,0.0,96,poor,False,medium,False,5.0.0,build_C3,dark
evt_SYN000190,sub_SYN00121,2025-02-25 12:26:00,25,1,insufficient_fund,463.0,0,,132,good,False,medium,False,5.0.0,build_A1,light
evt_SYN000191,sub_SYN00121,2025-03-31 17:31:00,31,0,insufficient_fund,463.0,1,0.0,166,good,False,medium,False,5.1.2,build_C3,dark
evt_SYN000192,sub_SYN00121,2025-04-29 12:03:00,29,0,insufficient_fund,463.0,2,0.0,195,good,False,medium,False,5.0.0,build_A1,light
evt_SYN000193,sub_SYN00122,2026-04-15 16:05:00,15,12,insufficient_fund,168.0,0,,385,degraded,False,medium,False,4.2.0,build_C3,system
evt_SYN000194,sub_SYN00123,2026-06-14 07:15:00,14,11,insufficient_fund,379.0,0,,393,good,True,low,False,4.2.0,build_B7,light
evt_SYN000195,sub_SYN00124,2026-05-11 00:02:00,11,8,insufficient_fund,831.0,0,,95,poor,False,high,False,4.2.0,build_A1,light
evt_SYN000196,sub_SYN00125,2026-05-12 01:37:00,12,9,insufficient_fund,315.0,0,,158,good,False,high,False,4.4.0,build_C3,system
evt_SYN000197,sub_SYN00126,2026-04-26 06:26:00,26,2,insufficient_fund,808.0,0,,77,degraded,False,low,False,4.2.0,build_D9,light
evt_SYN000198,sub_SYN00127,2025-12-06 12:36:00,6,3,insufficient_fund,320.0,0,,420,good,False,medium,False,4.3.1,build_B7,dark
evt_SYN000199,sub_SYN00128,2026-04-20 17:29:00,20,8,insufficient_fund,374.0,0,,367,degraded,False,low,False,5.0.0,build_D9,light
evt_SYN000200,sub_SYN00129,2026-06-14 19:45:00,14,11,insufficient_fund,142.0,0,,528,good,False,low,False,5.0.0,build_C3,system
evt_SYN000201,sub_SYN00129,2026-07-14 10:01:00,14,11,insufficient_fund,142.0,1,0.0,558,good,False,medium,False,4.4.0,build_D9,dark
evt_SYN000202,sub_SYN00130,2025-12-14 07:39:00,14,11,insufficient_fund,908.0,0,,39,good,False,low,False,4.4.0,build_C3,system
evt_SYN000203,sub_SYN00131,2026-06-04 11:32:00,4,1,insufficient_fund,181.0,0,,263,good,False,medium,False,5.1.2,build_A1,system
evt_SYN000204,sub_SYN00132,2026-04-19 20:00:00,19,9,insufficient_fund,466.0,0,,241,degraded,False,medium,False,4.4.0,build_B7,light
evt_SYN000205,sub_SYN00132,2026-05-24 03:04:00,24,5,insufficient_fund,466.0,1,1.0,276,degraded,False,low,False,4.3.1,build_E2,system
evt_SYN000206,sub_SYN00132,2026-06-17 19:13:00,17,11,insufficient_fund,466.0,2,0.5,300,good,True,high,False,5.1.2,build_D9,system
evt_SYN000207,sub_SYN00133,2025-08-21 22:46:00,21,8,insufficient_fund,687.0,0,,249,good,False,low,False,4.2.0,build_B7,dark
evt_SYN000208,sub_SYN00134,2025-06-29 03:50:00,29,0,insufficient_fund,82.0,0,,204,poor,False,low,False,4.3.1,build_A1,system
evt_SYN000209,sub_SYN00134,2025-07-25 04:06:00,25,4,insufficient_fund,82.0,1,0.0,230,poor,False,low,False,4.3.1,build_A1,dark
evt_SYN000210,sub_SYN00135,2026-05-24 15:16:00,24,5,insufficient_fund,307.0,0,,137,good,False,low,False,5.0.0,build_D9,light
evt_SYN000211,sub_SYN00136,2025-04-11 21:18:00,11,8,insufficient_fund,152.0,0,,244,good,False,low,False,5.1.2,build_C3,system
evt_SYN000212,sub_SYN00137,2026-06-09 11:53:00,9,6,insufficient_fund,792.0,0,,93,good,False,low,False,4.3.1,build_A1,system
evt_SYN000213,sub_SYN00138,2026-04-04 22:34:00,4,1,insufficient_fund,107.0,0,,570,good,False,medium,False,5.1.2,build_C3,system
evt_SYN000214,sub_SYN00138,2026-04-28 11:41:00,28,0,insufficient_fund,107.0,1,1.0,594,good,False,low,False,4.2.0,build_E2,dark
evt_SYN000215,sub_SYN00138,2026-05-17 10:34:00,17,12,insufficient_fund,107.0,2,0.5,613,good,False,low,False,4.3.1,build_D9,system
evt_SYN000216,sub_SYN00139,2026-05-06 22:59:00,6,3,insufficient_fund,3907.0,0,,45,degraded,False,medium,False,4.4.0,build_E2,system
evt_SYN000217,sub_SYN00140,2026-06-08 18:47:00,8,5,insufficient_fund,125.0,0,,193,poor,False,medium,False,4.4.0,build_E2,light
evt_SYN000218,sub_SYN00141,2026-04-25 23:47:00,25,3,insufficient_fund,1711.0,0,,556,good,False,low,False,5.1.2,build_C3,light
evt_SYN000219,sub_SYN00142,2026-02-17 20:05:00,17,9,insufficient_fund,865.0,0,,22,good,False,medium,False,4.3.1,build_B7,dark
evt_SYN000220,sub_SYN00143,2025-11-11 03:59:00,11,8,insufficient_fund,429.0,0,,88,good,False,low,False,4.4.0,build_D9,system
evt_SYN000221,sub_SYN00144,2026-01-13 15:56:00,13,10,insufficient_fund,670.0,0,,176,poor,False,medium,False,4.3.1,build_C3,dark
evt_SYN000222,sub_SYN00145,2026-04-28 10:13:00,28,0,insufficient_fund,714.0,0,,138,good,False,high,False,5.1.2,build_B7,dark
evt_SYN000223,sub_SYN00146,2025-12-24 15:24:00,24,5,insufficient_fund,4516.0,0,,339,good,True,low,False,4.4.0,build_A1,light
evt_SYN000224,sub_SYN00147,2024-11-04 20:08:00,4,1,insufficient_fund,95.0,0,,22,good,False,low,False,5.1.2,build_C3,light
evt_SYN000225,sub_SYN00147,2024-12-02 06:32:00,2,0,insufficient_fund,95.0,1,0.0,50,good,False,low,False,5.0.0,build_D9,dark
evt_SYN000226,sub_SYN00148,2025-12-23 16:59:00,23,6,insufficient_fund,414.0,0,,453,degraded,False,medium,False,4.2.0,build_C3,dark
evt_SYN000227,sub_SYN00149,2026-02-18 06:56:00,18,8,insufficient_fund,169.0,0,,135,good,False,low,False,4.3.1,build_A1,dark
evt_SYN000228,sub_SYN00150,2025-08-27 22:33:00,27,2,insufficient_fund,406.0,0,,94,good,False,medium,False,4.3.1,build_A1,dark
evt_SYN000229,sub_SYN00150,2025-09-07 03:57:00,7,4,insufficient_fund,406.0,1,1.0,105,good,False,medium,False,4.4.0,build_D9,system
evt_SYN000230,sub_SYN00150,2025-10-16 11:49:00,16,13,insufficient_fund,406.0,2,0.5,144,good,False,medium,False,5.1.2,build_D9,dark
evt_SYN000231,sub_SYN00151,2026-03-07 03:44:00,7,4,insufficient_fund,166.0,0,,88,degraded,False,low,False,5.1.2,build_A1,system
evt_SYN000232,sub_SYN00151,2026-04-14 03:30:00,14,11,insufficient_fund,166.0,1,0.0,126,good,False,low,False,4.2.0,build_B7,dark
evt_SYN000233,sub_SYN00152,2026-03-25 11:13:00,25,4,insufficient_fund,365.0,0,,104,degraded,False,high,False,4.3.1,build_C3,light
evt_SYN000234,sub_SYN00153,2026-04-25 16:02:00,25,3,insufficient_fund,358.0,0,,76,good,False,low,False,4.4.0,build_C3,system
evt_SYN000235,sub_SYN00153,2026-05-26 02:19:00,26,3,insufficient_fund,358.0,1,0.0,107,good,False,low,False,4.3.1,build_B7,system
evt_SYN000236,sub_SYN00154,2024-09-29 09:20:00,29,0,insufficient_fund,306.0,0,,49,good,False,low,True,4.3.1,build_B7,light
evt_SYN000237,sub_SYN00155,2025-12-24 04:34:00,24,5,insufficient_fund,313.0,0,,463,good,False,low,False,4.2.0,build_E2,dark
evt_SYN000238,sub_SYN00155,2026-01-17 10:13:00,17,12,insufficient_fund,313.0,1,0.0,487,good,False,high,False,4.4.0,build_C3,system
evt_SYN000239,sub_SYN00156,2025-01-26 03:10:00,26,3,insufficient_fund,650.0,0,,54,degraded,False,medium,False,4.3.1,build_C3,dark
evt_SYN000240,sub_SYN00157,2025-08-20 04:55:00,20,9,insufficient_fund,764.0,0,,78,good,False,low,False,5.1.2,build_C3,system
evt_SYN000241,sub_SYN00158,2025-08-02 10:39:00,2,0,insufficient_fund,355.0,0,,41,good,False,high,False,4.2.0,build_B7,system
evt_SYN000242,sub_SYN00158,2025-09-01 15:02:00,1,0,insufficient_fund,355.0,1,0.0,71,good,False,low,False,5.1.2,build_D9,dark
evt_SYN000243,sub_SYN00158,2025-09-27 04:40:00,27,1,insufficient_fund,355.0,2,0.0,97,good,False,medium,False,4.2.0,build_B7,light
evt_SYN000244,sub_SYN00159,2026-06-03 05:07:00,3,0,insufficient_fund,389.0,0,,373,degraded,False,medium,False,5.1.2,build_A1,system
evt_SYN000245,sub_SYN00159,2026-07-05 09:26:00,5,2,insufficient_fund,389.0,1,0.0,405,good,False,low,False,4.4.0,build_B7,system
evt_SYN000246,sub_SYN00159,2026-08-16 07:32:00,16,13,insufficient_fund,389.0,2,0.0,447,good,False,low,False,5.0.0,build_D9,dark
evt_SYN000247,sub_SYN00160,2026-04-18 05:35:00,18,10,insufficient_fund,2573.0,0,,332,good,False,high,False,4.4.0,build_D9,dark
evt_SYN000248,sub_SYN00161,2026-02-02 14:54:00,2,0,insufficient_fund,178.0,0,,186,good,False,medium,False,5.0.0,build_C3,dark
evt_SYN000249,sub_SYN00162,2026-05-28 23:19:00,28,1,insufficient_fund,122.0,0,,89,good,False,medium,False,4.4.0,build_B7,dark
evt_SYN000250,sub_SYN00163,2026-06-20 01:25:00,20,8,insufficient_fund,122.0,0,,107,good,False,low,False,4.2.0,build_E2,system
evt_SYN000251,sub_SYN00164,2025-12-06 10:15:00,6,3,insufficient_fund,335.0,0,,490,good,False,low,False,5.1.2,build_B7,dark
evt_SYN000252,sub_SYN00164,2026-01-02 12:13:00,2,0,insufficient_fund,335.0,1,0.0,517,good,False,medium,False,4.3.1,build_A1,dark
evt_SYN000253,sub_SYN00165,2025-09-15 16:18:00,15,12,insufficient_fund,316.0,0,,79,good,False,low,False,5.1.2,build_C3,system
evt_SYN000254,sub_SYN00165,2026-01-21 11:55:00,21,8,insufficient_fund,316.0,1,0.0,207,degraded,False,low,False,5.1.2,build_C3,light
evt_SYN000255,sub_SYN00166,2024-10-05 02:53:00,5,2,insufficient_fund,941.0,0,,64,good,False,low,False,5.1.2,build_A1,light
evt_SYN000256,sub_SYN00166,2024-10-22 14:45:00,22,7,insufficient_fund,941.0,1,0.0,81,good,False,low,False,5.0.0,build_A1,light
evt_SYN000257,sub_SYN00167,2026-05-20 08:29:00,20,9,insufficient_fund,328.0,0,,103,good,False,medium,False,4.2.0,build_E2,dark
evt_SYN000258,sub_SYN00167,2026-05-31 11:43:00,31,0,insufficient_fund,328.0,1,0.0,114,degraded,False,low,False,5.1.2,build_E2,dark
evt_SYN000259,sub_SYN00168,2025-12-18 03:28:00,18,11,insufficient_fund,124.0,0,,224,good,False,low,False,4.3.1,build_A1,system
evt_SYN000260,sub_SYN00169,2026-02-15 00:50:00,15,11,insufficient_fund,985.0,0,,40,good,True,low,False,5.1.2,build_B7,dark
evt_SYN000261,sub_SYN00170,2026-06-13 22:41:00,13,10,insufficient_fund,706.0,0,,190,good,False,medium,False,4.2.0,build_D9,dark
evt_SYN000262,sub_SYN00171,2026-06-20 22:51:00,20,8,insufficient_fund,184.0,0,,41,good,False,low,False,4.2.0,build_D9,system
evt_SYN000263,sub_SYN00171,2026-07-25 03:15:00,25,4,insufficient_fund,184.0,1,0.0,76,good,False,medium,False,4.2.0,build_B7,dark
evt_SYN000264,sub_SYN00172,2026-06-04 11:15:00,4,1,insufficient_fund,375.0,0,,87,poor,False,low,False,5.0.0,build_B7,dark
evt_SYN000265,sub_SYN00173,2025-02-05 06:47:00,5,2,insufficient_fund,98.0,0,,161,good,False,high,False,5.1.2,build_A1,system
evt_SYN000266,sub_SYN00174,2025-11-06 14:40:00,6,3,insufficient_fund,79.0,0,,19,good,False,low,False,4.2.0,build_B7,system
evt_SYN000267,sub_SYN00175,2026-01-31 01:15:00,31,0,insufficient_fund,189.0,0,,305,good,False,medium,True,4.2.0,build_A1,light
evt_SYN000268,sub_SYN00176,2026-03-21 12:26:00,21,8,insufficient_fund,1287.0,0,,254,good,False,medium,False,5.1.2,build_C3,system
evt_SYN000269,sub_SYN00177,2026-01-31 07:41:00,31,0,insufficient_fund,494.0,0,,160,degraded,False,low,False,4.4.0,build_E2,system
evt_SYN000270,sub_SYN00178,2025-11-18 03:42:00,18,10,insufficient_fund,405.0,0,,178,good,False,low,False,4.4.0,build_E2,dark
evt_SYN000271,sub_SYN00178,2025-12-04 17:53:00,4,1,insufficient_fund,405.0,1,0.0,194,good,False,low,False,4.3.1,build_C3,light
evt_SYN000272,sub_SYN00178,2025-12-21 20:07:00,21,8,insufficient_fund,405.0,2,0.5,211,good,False,low,False,5.0.0,build_D9,light
evt_SYN000273,sub_SYN00179,2026-04-24 06:46:00,24,4,insufficient_fund,880.0,0,,94,good,False,low,False,4.4.0,build_D9,light
evt_SYN000274,sub_SYN00180,2026-05-20 12:56:00,20,9,insufficient_fund,467.0,0,,681,good,False,low,False,4.2.0,build_C3,dark
evt_SYN000275,sub_SYN00180,2026-06-07 06:01:00,7,4,insufficient_fund,467.0,1,0.0,699,good,False,medium,False,5.0.0,build_C3,light
evt_SYN000276,sub_SYN00180,2026-06-28 13:09:00,28,0,insufficient_fund,467.0,2,0.0,720,poor,False,low,False,5.1.2,build_C3,dark
evt_SYN000277,sub_SYN00180,2026-07-31 07:31:00,31,0,insufficient_fund,467.0,3,0.3333333333333333,753,good,False,low,True,5.0.0,build_E2,system
evt_SYN000278,sub_SYN00181,2025-07-18 08:39:00,18,11,insufficient_fund,1570.0,0,,255,poor,False,high,False,4.2.0,build_D9,light
evt_SYN000279,sub_SYN00181,2025-08-16 00:53:00,16,13,insufficient_fund,1570.0,1,0.0,284,degraded,False,low,False,4.3.1,build_E2,system
evt_SYN000280,sub_SYN00182,2025-06-29 18:10:00,29,0,insufficient_fund,935.0,0,,183,good,False,low,False,4.2.0,build_B7,system
evt_SYN000281,sub_SYN00183,2025-08-16 18:26:00,16,13,insufficient_fund,373.0,0,,40,good,False,low,False,4.2.0,build_C3,dark
evt_SYN000282,sub_SYN00184,2026-06-04 21:58:00,4,1,insufficient_fund,467.0,0,,111,good,False,low,False,4.2.0,build_D9,system
evt_SYN000283,sub_SYN00184,2026-07-10 00:33:00,10,7,insufficient_fund,467.0,1,1.0,147,degraded,False,low,False,5.0.0,build_D9,dark
evt_SYN000284,sub_SYN00184,2026-08-19 07:42:00,19,10,insufficient_fund,467.0,2,0.5,187,good,True,low,False,4.2.0,build_D9,dark
evt_SYN000285,sub_SYN00185,2025-01-16 06:07:00,16,13,insufficient_fund,4315.0,0,,144,good,False,medium,True,5.0.0,build_C3,system
evt_SYN000286,sub_SYN00185,2025-02-14 12:43:00,14,11,insufficient_fund,4315.0,1,0.0,173,good,False,high,False,4.2.0,build_B7,system
evt_SYN000287,sub_SYN00185,2025-03-16 19:12:00,16,13,insufficient_fund,4315.0,2,0.0,203,good,False,low,False,4.2.0,build_E2,light
evt_SYN000288,sub_SYN00186,2026-03-10 01:40:00,10,7,insufficient_fund,888.0,0,,156,degraded,False,high,False,5.0.0,build_C3,system
evt_SYN000289,sub_SYN00187,2026-05-14 21:51:00,14,11,insufficient_fund,3237.0,0,,18,good,False,low,False,4.3.1,build_A1,system
evt_SYN000290,sub_SYN00188,2026-03-23 23:22:00,23,6,insufficient_fund,191.0,0,,170,good,False,medium,False,5.0.0,build_D9,light
evt_SYN000291,sub_SYN00188,2026-04-26 01:40:00,26,2,insufficient_fund,191.0,1,0.0,204,good,False,low,False,4.4.0,build_C3,dark
evt_SYN000292,sub_SYN00188,2026-05-17 10:38:00,17,12,insufficient_fund,191.0,2,0.0,225,degraded,False,low,False,5.0.0,build_B7,light
evt_SYN000293,sub_SYN00189,2025-01-07 16:10:00,7,4,insufficient_fund,669.0,0,,47,good,False,low,False,4.2.0,build_C3,light
evt_SYN000294,sub_SYN00190,2026-02-03 22:11:00,3,0,insufficient_fund,431.0,0,,318,good,False,medium,False,4.3.1,build_C3,light
evt_SYN000295,sub_SYN00191,2025-03-01 02:59:00,1,0,insufficient_fund,85.0,0,,69,good,False,high,False,4.4.0,build_A1,light
evt_SYN000296,sub_SYN00192,2025-12-24 03:26:00,24,5,insufficient_fund,427.0,0,,397,good,False,medium,False,4.3.1,build_A1,light
evt_SYN000297,sub_SYN00193,2026-03-08 17:46:00,8,5,insufficient_fund,465.0,0,,64,good,False,low,False,5.1.2,build_D9,system
evt_SYN000298,sub_SYN00193,2026-04-11 10:24:00,11,8,insufficient_fund,465.0,1,1.0,98,good,False,medium,False,5.1.2,build_C3,system
evt_SYN000299,sub_SYN00193,2026-05-03 08:28:00,3,0,insufficient_fund,465.0,2,0.5,120,good,False,high,False,5.0.0,build_A1,light
evt_SYN000300,sub_SYN00193,2026-06-01 17:16:00,1,0,insufficient_fund,465.0,3,0.3333333333333333,149,good,False,low,False,4.3.1,build_B7,light
evt_SYN000301,sub_SYN00194,2025-10-04 09:44:00,4,1,insufficient_fund,104.0,0,,407,good,True,low,False,4.4.0,build_B7,light
evt_SYN000302,sub_SYN00194,2026-02-27 05:23:00,27,0,insufficient_fund,104.0,1,0.0,553,good,False,low,False,5.1.2,build_A1,dark
evt_SYN000303,sub_SYN00195,2025-11-18 12:51:00,18,10,insufficient_fund,405.0,0,,112,poor,False,low,False,4.4.0,build_C3,dark
evt_SYN000304,sub_SYN00195,2026-01-18 00:26:00,18,11,insufficient_fund,405.0,1,0.0,173,good,False,low,False,5.0.0,build_B7,system
evt_SYN000305,sub_SYN00196,2026-01-14 05:35:00,14,11,insufficient_fund,749.0,0,,310,poor,False,low,False,4.3.1,build_A1,light
evt_SYN000306,sub_SYN00196,2026-02-17 16:59:00,17,9,insufficient_fund,749.0,1,1.0,344,good,False,medium,False,4.2.0,build_A1,light
evt_SYN000307,sub_SYN00196,2026-03-16 10:26:00,16,13,insufficient_fund,749.0,2,0.5,371,good,False,medium,False,4.3.1,build_E2,dark
evt_SYN000308,sub_SYN00197,2026-06-14 10:16:00,14,11,insufficient_fund,170.0,0,,15,good,False,low,False,5.1.2,build_A1,system
evt_SYN000309,sub_SYN00197,2026-07-15 09:05:00,15,12,insufficient_fund,170.0,1,0.0,46,good,False,low,False,4.3.1,build_E2,light
evt_SYN000310,sub_SYN00197,2026-08-04 16:25:00,4,1,insufficient_fund,170.0,2,0.5,66,good,False,low,False,4.4.0,build_A1,system
evt_SYN000311,sub_SYN00198,2025-06-06 14:01:00,6,3,insufficient_fund,410.0,0,,336,good,False,medium,False,5.1.2,build_D9,system
evt_SYN000312,sub_SYN00199,2026-04-12 12:14:00,12,9,insufficient_fund,355.0,0,,147,good,False,low,False,5.0.0,build_B7,dark
